Lois,Hoyer
Will,Sander
Stephen,Boppart
Krista,Keller
Arnon,Gal
BrendaAnne,Wilson
Matthew,Browning
Wanda,Haschek-Hock
Maureen,McMichael
Heidemarie,Laurent
Kunal,Poorey
Tauqeer,Alam
Sarah,Geiger
Rebecca,Smith
Jennifer,Reinhart
HOLLY,ROSENCRANZ
Aditi,Das
Jim,Slauch
Anita,Ung
Yuguo,Chen
Katherine,Kling
Kelly,Swanson
Jim,Dalling
Katy,Heath
John,Gerlt
Loretta,Auvil
Walden,Li
Aaron,Timperman
Carol,Maddox
Michael,Miller
Beth,Stadtmueller
Maggie,Berg
Kari,Foss
Seppe,Kuehn
Jason,Ridlon
Astrid,Ferrer
Alvaro,Hernandez
Sergei,Maslov
Hannah,Holscher
Chris,Fields
Jeff,Woods
Sarah,Allison
Shannon,Sirk
Thomas,Kehl-Fie
Ayelet,Ziv-Gal
Chris,Rao
Joseph,Irudayaraj
Paul,Jensen
MILAN,BAGCHI
Selena,Wang
Huanyu,Qiao
Rachel,Whitaker
Maureen,McMichael
Kathryn,Fleming
Collin,Kieffer
Bryan,White
Rex,Gaskins
Daniel,Rock
Fei,He
Cari,Vanderpool
Robert,Sanford
Joanne,Chee-Sanford
Mark,Band
Brian,Aldridge
Jacqueline,Morey
Patricia,Oba
Natalie,Christian
Hanna,Lindgren
Rebecca,Batstone
Ursula,RuizVera
Tian,Qiu
Mohamed,Zeineldin
Rahman,RahmanPour
Geoff,Christensen
Kaumudi,Prabhakara
Patricia,Wolf
Negin,Valizadegan
Kristen,Farley
Katie,Frye
Leila,Shinn
Sharon,Thompson
Kenan,Jijakli
Lucy,Mailing
Patrick,Barko
Amanda,Adams
Karthik,Yarlagadda
Pooja,Agashe
Danielle,Campbell
Yannan,Tian
Ananya,Sen
Michael,Nute
Erin,Davis
LuisMiguel,DeJesusAstacio
Annemarie,Krug
Abigail,Asangba
Miriam,AguilarLopez
AJ,Taylor
Ching-Yen,Lin
Celeste,Alexander
Lindsey,Ly
Alyssa,Volland
